-- =============================================
-- 学生档案管理系统 - 测试初始化数据
-- 数据库：StudentRecordManagementSystem
-- 说明：执行前请先运行 SQL.sql 创建表结构
-- 密码说明：所有用户密码均为 123456
--   BCrypt 哈希由 Spring Security PasswordEncoder 生成
--   如哈希失效，可通过 DataInitializer 自动创建 admin 账号
--   或使用 Java 代码: new BCryptPasswordEncoder().encode("123456")
-- =============================================

USE `StudentRecordManagementSystem`;

-- =============================================
-- 1. 角色数据
-- =============================================
INSERT INTO `sys_role` (`pk_role`, `role_name`, `role_code`, `description`) VALUES
(1, '超级管理员', 'SUPER_ADMIN', '系统最高权限，可管理所有模块'),
(2, '档案管理员', 'ARCHIVE_ADMIN', '负责学生档案审核与管理'),
(3, '辅导员', 'COUNSELOR', '负责所辖班级学生事务'),
(4, '学生', 'STUDENT', '查看个人信息与档案');

-- =============================================
-- 2. 用户数据（密码均为 123456）
-- BCrypt hash: $2a$10$EixZaYVK1fsbw1ZfbX3OXePaWxn96p36PQm1z98LYEqllNPcCFCu2
-- =============================================
INSERT INTO `sys_user` (`pk_user`, `username`, `password`, `real_name`, `status`) VALUES
(1,  'admin',      '$2a$10$EixZaYVK1fsbw1ZfbX3OXePaWxn96p36PQm1z98LYEqllNPcCFCu2', '超级管理员', 1),
(2,  'archive01',  '$2a$10$EixZaYVK1fsbw1ZfbX3OXePaWxn96p36PQm1z98LYEqllNPcCFCu2', '张档案',     1),
(3,  'archive02',  '$2a$10$EixZaYVK1fsbw1ZfbX3OXePaWxn96p36PQm1z98LYEqllNPcCFCu2', '李档案',     1),
(4,  'counsel01',  '$2a$10$EixZaYVK1fsbw1ZfbX3OXePaWxn96p36PQm1z98LYEqllNPcCFCu2', '王辅导',     1),
(5,  'counsel02',  '$2a$10$EixZaYVK1fsbw1ZfbX3OXePaWxn96p36PQm1z98LYEqllNPcCFCu2', '赵辅导',     1),
(6,  'stu001',     '$2a$10$EixZaYVK1fsbw1ZfbX3OXePaWxn96p36PQm1z98LYEqllNPcCFCu2', '刘晓明',     1),
(7,  'stu002',     '$2a$10$EixZaYVK1fsbw1ZfbX3OXePaWxn96p36PQm1z98LYEqllNPcCFCu2', '陈思雨',     1),
(8,  'stu003',     '$2a$10$EixZaYVK1fsbw1ZfbX3OXePaWxn96p36PQm1z98LYEqllNPcCFCu2', '杨浩然',     1),
(9,  'stu004',     '$2a$10$EixZaYVK1fsbw1ZfbX3OXePaWxn96p36PQm1z98LYEqllNPcCFCu2', '黄雨萱',     1),
(10, 'stu005',     '$2a$10$EixZaYVK1fsbw1ZfbX3OXePaWxn96p36PQm1z98LYEqllNPcCFCu2', '周子轩',     1),
(11, 'stu006',     '$2a$10$EixZaYVK1fsbw1ZfbX3OXePaWxn96p36PQm1z98LYEqllNPcCFCu2', '吴佳琪',     1),
(12, 'stu007',     '$2a$10$EixZaYVK1fsbw1ZfbX3OXePaWxn96p36PQm1z98LYEqllNPcCFCu2', '孙博文',     1),
(13, 'stu008',     '$2a$10$EixZaYVK1fsbw1ZfbX3OXePaWxn96p36PQm1z98LYEqllNPcCFCu2', '马晓彤',     1),
(14, 'disabled01', '$2a$10$EixZaYVK1fsbw1ZfbX3OXePaWxn96p36PQm1z98LYEqllNPcCFCu2', '已禁用账号', 0);

-- =============================================
-- 3. 用户角色关联
-- =============================================
INSERT INTO `sys_user_role` (`user_id`, `role_id`) VALUES
(1,  1),  -- admin → 超级管理员
(2,  2),  -- archive01 → 档案管理员
(3,  2),  -- archive02 → 档案管理员
(4,  3),  -- counsel01 → 辅导员
(5,  3),  -- counsel02 → 辅导员
(6,  4),  -- stu001 → 学生
(7,  4),  -- stu002 → 学生
(8,  4),  -- stu003 → 学生
(9,  4),  -- stu004 → 学生
(10, 4),  -- stu005 → 学生
(11, 4),  -- stu006 → 学生
(12, 4),  -- stu007 → 学生
(13, 4),  -- stu008 → 学生
(14, 4);  -- disabled01 → 学生

-- =============================================
-- 4. 权限数据（菜单 + 按钮）
-- =============================================
INSERT INTO `sys_permission` (`pk_permission`, `perm_name`, `perm_code`, `parent_id`, `url`, `type`, `icon`, `sort_order`) VALUES
-- 一级菜单
(1,  '仪表盘',     'dashboard',           0,  '/dashboard',      'menu', 'Dashboard',    1),
(2,  '学生管理',   'student:menu',        0,  '/students',       'menu', 'User',         2),
(3,  '档案管理',   'archive:menu',        0,  '/archives',       'menu', 'Archive',      3),
(4,  '组织架构',   'org:menu',            0,  NULL,              'menu', 'Building',     4),
(5,  '系统管理',   'system:menu',         0,  NULL,              'menu', 'Settings',     5),
(6,  '通知中心',   'notification:menu',   0,  '/notifications',  'menu', 'Bell',         6),
-- 组织架构子菜单
(7,  '学院管理',   'college:menu',        4,  '/colleges',       'menu', NULL,           1),
(8,  '专业管理',   'major:menu',          4,  '/majors',         'menu', NULL,           2),
(9,  '班级管理',   'class:menu',          4,  '/classes',        'menu', NULL,           3),
-- 系统管理子菜单
(10, '用户管理',   'user:menu',           5,  '/users',          'menu', NULL,           1),
(11, '角色管理',   'role:menu',           5,  '/roles',          'menu', NULL,           2),
-- 操作按钮
(20, '学生查看',   'student:view',        2,  NULL, 'button', NULL, 1),
(21, '学生新增',   'student:add',         2,  NULL, 'button', NULL, 2),
(22, '学生编辑',   'student:edit',        2,  NULL, 'button', NULL, 3),
(23, '学生删除',   'student:delete',      2,  NULL, 'button', NULL, 4),
(30, '档案查看',   'archive:view',        3,  NULL, 'button', NULL, 1),
(31, '档案上传',   'archive:upload',      3,  NULL, 'button', NULL, 2),
(32, '档案审核',   'archive:audit',       3,  NULL, 'button', NULL, 3),
(33, '档案删除',   'archive:delete',      3,  NULL, 'button', NULL, 4),
(40, '学院管理操作', 'college:manage',    7,  NULL, 'button', NULL, 1),
(41, '专业管理操作', 'major:manage',      8,  NULL, 'button', NULL, 1),
(42, '班级管理操作', 'class:manage',      9,  NULL, 'button', NULL, 1),
(50, '用户管理操作', 'user:manage',       10, NULL, 'button', NULL, 1),
(51, '角色管理操作', 'role:manage',       11, NULL, 'button', NULL, 1);

-- =============================================
-- 5. 角色权限关联
-- =============================================
-- 超级管理员：所有权限
INSERT INTO `sys_role_permission` (`role_id`, `perm_id`) VALUES
(1,1),(1,2),(1,3),(1,4),(1,5),(1,6),(1,7),(1,8),(1,9),(1,10),(1,11),
(1,20),(1,21),(1,22),(1,23),(1,30),(1,31),(1,32),(1,33),
(1,40),(1,41),(1,42),(1,50),(1,51);

-- 档案管理员：仪表盘 + 学生查看 + 档案全部 + 通知
INSERT INTO `sys_role_permission` (`role_id`, `perm_id`) VALUES
(2,1),(2,2),(2,3),(2,6),
(2,20),(2,30),(2,31),(2,32),(2,33);

-- 辅导员：仪表盘 + 学生管理 + 档案查看/上传 + 组织架构查看 + 通知
INSERT INTO `sys_role_permission` (`role_id`, `perm_id`) VALUES
(3,1),(3,2),(3,3),(3,4),(3,6),(3,7),(3,8),(3,9),
(3,20),(3,21),(3,22),(3,30),(3,31);

-- 学生：仪表盘 + 查看自己信息 + 查看/上传档案 + 通知
INSERT INTO `sys_role_permission` (`role_id`, `perm_id`) VALUES
(4,1),(4,2),(4,3),(4,6),
(4,20),(4,30),(4,31);

-- =============================================
-- 6. 学院数据
-- =============================================
INSERT INTO `college` (`pk_college`, `college_name`, `college_code`) VALUES
(1, '计算机科学与技术学院', 'CS'),
(2, '电子信息工程学院',     'EE'),
(3, '经济管理学院',         'EM'),
(4, '外国语学院',           'FL'),
(5, '数学与统计学院',       'MS');

-- =============================================
-- 7. 专业数据
-- =============================================
INSERT INTO `major` (`pk_major`, `college_id`, `major_name`, `major_code`) VALUES
(1, 1, '计算机科学与技术', 'CS01'),
(2, 1, '软件工程',         'CS02'),
(3, 1, '人工智能',         'CS03'),
(4, 2, '电子信息工程',     'EE01'),
(5, 2, '通信工程',         'EE02'),
(6, 3, '工商管理',         'EM01'),
(7, 3, '会计学',           'EM02'),
(8, 4, '英语',             'FL01'),
(9, 5, '应用数学',         'MS01');

-- =============================================
-- 8. 班级数据
-- =============================================
INSERT INTO `class_info` (`pk_class`, `major_id`, `class_name`, `grade`) VALUES
(1, 1, '计科2301班', '2023'),
(2, 1, '计科2302班', '2023'),
(3, 2, '软工2301班', '2023'),
(4, 2, '软工2401班', '2024'),
(5, 3, 'AI2401班',   '2024'),
(6, 4, '电信2301班', '2023'),
(7, 5, '通信2401班', '2024'),
(8, 6, '工商2301班', '2023'),
(9, 8, '英语2401班', '2024');

-- =============================================
-- 9. 学生数据
-- =============================================
INSERT INTO `student` (`pk_student`, `user_id`, `student_no`, `name`, `gender`, `birth_date`, `id_card`, `enrollment_year`, `school_length`, `college_id`, `major_id`, `class_id`, `status`) VALUES
(1,  6,  '2023010101', '刘晓明', 'M', '2004-03-15', '110101200403150011', 2023, 4, 1, 1, 1, '在读'),
(2,  7,  '2023010102', '陈思雨', 'F', '2004-07-22', '310101200407220022', 2023, 4, 1, 1, 1, '在读'),
(3,  8,  '2023010201', '杨浩然', 'M', '2004-01-08', '440101200401080033', 2023, 4, 1, 1, 2, '在读'),
(4,  9,  '2023020101', '黄雨萱', 'F', '2004-11-30', '510101200411300044', 2023, 4, 1, 2, 3, '在读'),
(5,  10, '2024030101', '周子轩', 'M', '2005-06-18', '330101200506180055', 2024, 4, 1, 3, 5, '在读'),
(6,  11, '2023040101', '吴佳琪', 'F', '2004-09-25', '420101200409250066', 2023, 4, 2, 4, 6, '在读'),
(7,  12, '2024050101', '孙博文', 'M', '2005-02-14', '610101200502140077', 2024, 4, 2, 5, 7, '在读'),
(8,  13, '2023060101', '马晓彤', 'F', '2004-12-01', '500101200412010088', 2023, 4, 3, 6, 8, '在读'),
(9,  NULL, '2023010103', '林天佑', 'M', '2004-05-20', '350101200405200099', 2023, 4, 1, 1, 1, '休学'),
(10, NULL, '2023020102', '张若曦', 'F', '2004-08-10', '320101200408100100', 2023, 4, 1, 2, 3, '在读');

-- =============================================
-- 10. 学生详情数据
-- =============================================
INSERT INTO `student_detail` (`student_id`, `nation`, `political_status`, `phone`, `email`, `home_address`, `emergency_contact`, `emergency_phone`, `remark`) VALUES
(1,  '汉族', '共青团员', '13800001001', 'liuxm@example.com',    '北京市海淀区中关村大街1号',   '刘父', '13900001001', NULL),
(2,  '汉族', '共青团员', '13800001002', 'chensy@example.com',   '上海市浦东新区陆家嘴路2号',   '陈母', '13900001002', NULL),
(3,  '汉族', '群众',     '13800001003', 'yanghr@example.com',   '广东省广州市天河区珠江路3号', '杨父', '13900001003', NULL),
(4,  '回族', '共青团员', '13800001004', 'huangyx@example.com',  '四川省成都市武侯区天府大道',  '黄母', '13900001004', NULL),
(5,  '汉族', '群众',     '13800001005', 'zhouzx@example.com',   '浙江省杭州市西湖区龙井路5号', '周父', '13900001005', NULL),
(6,  '汉族', '共青团员', '13800001006', 'wujq@example.com',     '湖北省武汉市洪山区珞珈路6号', '吴母', '13900001006', NULL),
(7,  '汉族', '群众',     '13800001007', 'sunbw@example.com',    '陕西省西安市雁塔区科技路7号', '孙父', '13900001007', NULL),
(8,  '苗族', '共青团员', '13800001008', 'maxt@example.com',     '重庆市渝中区解放碑步行街8号', '马母', '13900001008', NULL),
(9,  '汉族', '群众',     '13800001009', 'linty@example.com',    '福建省福州市鼓楼区五四路9号', '林父', '13900001009', '因病休学，预计2025年复学'),
(10, '汉族', '共青团员', '13800001010', 'zhangrx@example.com',  '江苏省南京市玄武区中山路10号','张母', '13900001010', NULL);

-- =============================================
-- 11. 档案材料分类
-- =============================================
INSERT INTO `archive_category` (`pk_category`, `category_name`, `sort_order`, `is_required`) VALUES
(1, '入学登记表',     1,  1),
(2, '高考成绩单',     2,  1),
(3, '身份证复印件',   3,  1),
(4, '户口本复印件',   4,  1),
(5, '一寸证件照',     5,  1),
(6, '体检报告',       6,  1),
(7, '转学证明',       7,  0),
(8, '奖学金证书',     8,  0),
(9, '处分决定书',     9,  0),
(10, '毕业论文',      10, 0);

-- =============================================
-- 12. 档案文件数据
-- =============================================
INSERT INTO `archive_file` (`student_id`, `category_id`, `file_name`, `file_path`, `file_size`, `description`, `status`, `upload_user_id`, `upload_time`, `audit_user_id`, `audit_time`, `audit_remark`) VALUES
-- 刘晓明的档案（全部通过）
(1, 1, '刘晓明_入学登记表.pdf',   '/archive/2023/1/register.pdf',   204800, '2023级入学登记表', 1, 6,  '2023-09-01 10:00:00', 2, '2023-09-02 09:00:00', '材料齐全，审核通过'),
(1, 2, '刘晓明_高考成绩单.pdf',   '/archive/2023/1/score.pdf',      153600, '2023年高考成绩',   1, 6,  '2023-09-01 10:05:00', 2, '2023-09-02 09:05:00', '审核通过'),
(1, 3, '刘晓明_身份证.jpg',       '/archive/2023/1/idcard.jpg',      81920, '身份证正反面',     1, 6,  '2023-09-01 10:10:00', 2, '2023-09-02 09:10:00', '审核通过'),
(1, 5, '刘晓明_证件照.jpg',       '/archive/2023/1/photo.jpg',       51200, '一寸蓝底证件照',   1, 6,  '2023-09-01 10:15:00', 2, '2023-09-02 09:15:00', '审核通过'),
(1, 6, '刘晓明_体检报告.pdf',     '/archive/2023/1/medical.pdf',    307200, '入学体检报告',     1, 6,  '2023-09-01 10:20:00', 2, '2023-09-02 09:20:00', '审核通过'),
-- 陈思雨的档案（部分待审核）
(2, 1, '陈思雨_入学登记表.pdf',   '/archive/2023/2/register.pdf',   210000, '2023级入学登记表', 1, 7,  '2023-09-01 11:00:00', 2, '2023-09-03 10:00:00', '审核通过'),
(2, 2, '陈思雨_高考成绩单.pdf',   '/archive/2023/2/score.pdf',      160000, '2023年高考成绩',   0, 7,  '2023-09-05 14:00:00', NULL, NULL, NULL),
(2, 8, '陈思雨_奖学金证书.pdf',   '/archive/2023/2/scholarship.pdf', 128000, '2023秋季一等奖学金', 0, 7, '2024-03-10 09:00:00', NULL, NULL, NULL),
-- 杨浩然的档案（含驳回）
(3, 1, '杨浩然_入学登记表.pdf',   '/archive/2023/3/register.pdf',   195000, '2023级入学登记表', 1, 8,  '2023-09-01 14:00:00', 3, '2023-09-02 15:00:00', '审核通过'),
(3, 3, '杨浩然_身份证.jpg',       '/archive/2023/3/idcard.jpg',      75000, '身份证照片',       2, 8,  '2023-09-01 14:05:00', 3, '2023-09-02 15:05:00', '照片模糊，请重新拍摄上传'),
-- 黄雨萱的档案
(4, 1, '黄雨萱_入学登记表.pdf',   '/archive/2023/4/register.pdf',   200000, '2023级入学登记表', 1, 9,  '2023-09-02 09:00:00', 2, '2023-09-03 11:00:00', '审核通过'),
(4, 6, '黄雨萱_体检报告.pdf',     '/archive/2023/4/medical.pdf',    285000, '入学体检报告',     1, 9,  '2023-09-02 09:10:00', 2, '2023-09-03 11:05:00', '审核通过'),
-- 周子轩的档案（2024级，待审核）
(5, 1, '周子轩_入学登记表.pdf',   '/archive/2024/5/register.pdf',   215000, '2024级入学登记表', 0, 10, '2024-09-01 10:00:00', NULL, NULL, NULL),
(5, 2, '周子轩_高考成绩单.pdf',   '/archive/2024/5/score.pdf',      170000, '2024年高考成绩',   0, 10, '2024-09-01 10:05:00', NULL, NULL, NULL),
-- 吴佳琪的档案
(6, 1, '吴佳琪_入学登记表.pdf',   '/archive/2023/6/register.pdf',   198000, '2023级入学登记表', 1, 11, '2023-09-03 08:30:00', 3, '2023-09-04 09:00:00', '审核通过'),
-- 马晓彤的档案
(8, 1, '马晓彤_入学登记表.pdf',   '/archive/2023/8/register.pdf',   202000, '2023级入学登记表', 1, 13, '2023-09-03 10:00:00', 2, '2023-09-04 14:00:00', '审核通过');

-- =============================================
-- 13. 操作日志数据
-- =============================================
INSERT INTO `sys_operation_log` (`user_id`, `operation`, `module`, `description`, `request_params`, `ip`, `create_time`) VALUES
(1,  'LOGIN',    '认证模块', '管理员登录系统',           NULL, '192.168.1.100', '2024-01-15 08:30:00'),
(1,  'INSERT',   '用户管理', '新增用户 archive01',       '{"username":"archive01","realName":"张档案"}', '192.168.1.100', '2024-01-15 08:35:00'),
(1,  'INSERT',   '学院管理', '新增学院 计算机科学与技术学院', '{"collegeName":"计算机科学与技术学院"}', '192.168.1.100', '2024-01-15 08:40:00'),
(2,  'LOGIN',    '认证模块', '档案管理员登录',           NULL, '192.168.1.101', '2024-01-16 09:00:00'),
(2,  'UPDATE',   '档案管理', '审核通过刘晓明入学登记表',  '{"archiveFileId":1,"status":1}', '192.168.1.101', '2024-01-16 09:05:00'),
(2,  'UPDATE',   '档案管理', '驳回杨浩然身份证照片',      '{"archiveFileId":10,"status":2,"reason":"照片模糊"}', '192.168.1.101', '2024-01-16 09:10:00'),
(4,  'LOGIN',    '认证模块', '辅导员王辅导登录',          NULL, '192.168.1.102', '2024-01-17 08:00:00'),
(4,  'INSERT',   '学生管理', '录入学生刘晓明信息',        '{"studentNo":"2023010101","name":"刘晓明"}', '192.168.1.102', '2024-01-17 08:10:00'),
(6,  'LOGIN',    '认证模块', '学生刘晓明登录',            NULL, '10.0.0.50',     '2024-01-18 10:00:00'),
(6,  'INSERT',   '档案管理', '上传入学登记表',            '{"categoryId":1,"fileName":"入学登记表.pdf"}', '10.0.0.50', '2024-01-18 10:05:00'),
(1,  'DELETE',   '用户管理', '禁用账号 disabled01',       '{"userId":14,"status":0}', '192.168.1.100', '2024-02-01 15:00:00'),
(1,  'UPDATE',   '角色管理', '更新档案管理员权限',        '{"roleId":2}', '192.168.1.100', '2024-02-05 10:30:00'),
(7,  'LOGIN',    '认证模块', '学生陈思雨登录',            NULL, '10.0.0.51',     '2024-03-10 08:50:00'),
(7,  'INSERT',   '档案管理', '上传奖学金证书',            '{"categoryId":8,"fileName":"奖学金证书.pdf"}', '10.0.0.51', '2024-03-10 09:00:00'),
(1,  'EXPORT',   '学生管理', '导出2023级学生名册',        '{"enrollmentYear":2023}', '192.168.1.100', '2024-03-15 14:00:00');

-- =============================================
-- 14. 通知数据
-- =============================================
INSERT INTO `notification` (`target_user_id`, `sender_id`, `title`, `content`, `is_read`, `create_time`) VALUES
-- 系统通知（sender_id = NULL）
(6,  NULL, '欢迎入学',           '欢迎来到学生档案管理系统，请尽快完善个人档案信息。',  1, '2023-09-01 08:00:00'),
(7,  NULL, '欢迎入学',           '欢迎来到学生档案管理系统，请尽快完善个人档案信息。',  1, '2023-09-01 08:00:00'),
(8,  NULL, '欢迎入学',           '欢迎来到学生档案管理系统，请尽快完善个人档案信息。',  0, '2023-09-01 08:00:00'),
(9,  NULL, '欢迎入学',           '欢迎来到学生档案管理系统，请尽快完善个人档案信息。',  0, '2023-09-01 08:00:00'),
(10, NULL, '欢迎入学',           '欢迎来到学生档案管理系统，请尽快完善个人档案信息。',  0, '2024-09-01 08:00:00'),
-- 档案审核通知
(6,  2,   '档案审核通过',        '您的【入学登记表】已审核通过。',                     1, '2023-09-02 09:00:00'),
(6,  2,   '档案审核通过',        '您的【高考成绩单】已审核通过。',                     1, '2023-09-02 09:05:00'),
(6,  2,   '档案审核通过',        '您的【身份证复印件】已审核通过。',                   0, '2023-09-02 09:10:00'),
(8,  3,   '档案审核驳回',        '您的【身份证复印件】审核未通过，原因：照片模糊，请重新拍摄上传。', 0, '2023-09-02 15:05:00'),
(9,  2,   '档案审核通过',        '您的【入学登记表】已审核通过。',                     1, '2023-09-03 11:00:00'),
-- 辅导员通知
(4,  1,   '新学期工作安排',      '请在本周内完成2023级学生档案审核工作，确保所有必需材料齐全。', 1, '2024-01-15 09:00:00'),
(5,  1,   '新学期工作安排',      '请在本周内完成所辖班级学生信息核对工作。',            0, '2024-01-15 09:00:00'),
-- 管理员通知
(1,  NULL, '系统升级通知',       '系统将于2024年3月20日凌晨2:00-4:00进行维护升级，届时将暂停服务。', 1, '2024-03-18 10:00:00'),
(2,  1,   '档案审核提醒',        '当前有5份档案待审核，请及时处理。',                   0, '2024-03-19 08:00:00'),
(3,  1,   '档案审核提醒',        '当前有3份档案待审核，请及时处理。',                   0, '2024-03-19 08:00:00'),
-- 学生休学通知
(9,  4,   '休学手续提醒',        '您的休学申请已批准，请在本月底前办理相关手续。',       1, '2024-04-01 10:00:00'),
(4,  NULL, '学生休学通知',       '学生林天佑（2023010103）已办理休学，预计2025年复学。', 1, '2024-04-05 14:00:00');
