-- =============================================
-- 学生档案管理系统 - 测试数据
-- 所有用户默认密码: 123456
-- =============================================

USE `StudentRecordManagementSystem`;

-- 清空旧数据（按依赖顺序）
DELETE FROM `student_award`;
DELETE FROM `student_grade`;
DELETE FROM `notification`;
DELETE FROM `sys_operation_log`;
DELETE FROM `archive_file`;
DELETE FROM `student_detail`;
DELETE FROM `student`;
DELETE FROM `class_info`;
DELETE FROM `major`;
DELETE FROM `college`;
DELETE FROM `sys_user_role`;
DELETE FROM `sys_role_permission`;
DELETE FROM `sys_permission`;
DELETE FROM `sys_role`;
DELETE FROM `sys_user`;

-- 重置自增ID
ALTER TABLE `sys_user` AUTO_INCREMENT = 1;
ALTER TABLE `sys_role` AUTO_INCREMENT = 1;
ALTER TABLE `sys_user_role` AUTO_INCREMENT = 1;
ALTER TABLE `college` AUTO_INCREMENT = 1;
ALTER TABLE `major` AUTO_INCREMENT = 1;
ALTER TABLE `class_info` AUTO_INCREMENT = 1;
ALTER TABLE `student` AUTO_INCREMENT = 1;
ALTER TABLE `student_detail` AUTO_INCREMENT = 1;
ALTER TABLE `archive_category` AUTO_INCREMENT = 1;
ALTER TABLE `student_grade` AUTO_INCREMENT = 1;
ALTER TABLE `student_award` AUTO_INCREMENT = 1;

-- =============================================
-- 一、角色
-- =============================================
INSERT INTO `sys_role` (`pk_role`, `role_name`, `role_code`, `description`) VALUES
  (1, '系统管理员', 'admin',           '系统管理员，拥有所有权限'),
  (2, '学生',       'student',         '学生用户，可查看个人档案信息'),
  (3, '辅导员',     'counselor',       '辅导员/教师，可管理所负责学生的档案'),
  (4, '档案管理员', 'archive_manager', '档案管理员，负责档案审核');

-- =============================================
-- 二、用户（密码均为 123456 的 BCrypt 哈希）
-- =============================================
-- $2a$ 与 $2b$ 在 Spring BCryptPasswordEncoder 中兼容
SET @pwd = '$2a$10$cjpHksF.2UxXCfn34MOPKO.vTszIewV1bxXDKup7YLFTrqN0FsUjS';

INSERT INTO `sys_user` (`pk_user`, `username`, `password`, `real_name`, `status`) VALUES
  -- 管理员
  (1,  'admin',    @pwd, '超级管理员', 1),
  -- 教师/辅导员
  (2,  'teacher1', @pwd, '张建国',     1),
  (3,  'teacher2', @pwd, '李秀芳',     1),
  -- 学生
  (4,  'stu2024001', @pwd, '王明',     1),
  (5,  'stu2024002', @pwd, '李华',     1),
  (6,  'stu2024003', @pwd, '赵敏',     1),
  (7,  'stu2024004', @pwd, '陈晓东',   1),
  (8,  'stu2023001', @pwd, '陈强',     1),
  (9,  'stu2023002', @pwd, '刘婷',     1),
  (10, 'stu2023003', @pwd, '周杰',     1);

-- =============================================
-- 三、用户-角色关联
-- =============================================
INSERT INTO `sys_user_role` (`user_id`, `role_id`) VALUES
  -- admin → 管理员
  (1, 1),
  -- teacher1, teacher2 → 辅导员
  (2, 3),
  (3, 3),
  -- 所有学生 → 学生角色
  (4, 2),
  (5, 2),
  (6, 2),
  (7, 2),
  (8, 2),
  (9, 2),
  (10, 2);

-- =============================================
-- 四、组织架构
-- =============================================

-- 学院
INSERT INTO `college` (`pk_college`, `college_name`, `college_code`) VALUES
  (1, '计算机科学与技术学院', 'CS'),
  (2, '电子信息工程学院',     'EE'),
  (3, '经济管理学院',         'EM');

-- 专业
INSERT INTO `major` (`pk_major`, `college_id`, `major_name`, `major_code`) VALUES
  (1, 1, '计算机科学与技术', 'CS01'),
  (2, 1, '软件工程',         'CS02'),
  (3, 2, '电子信息工程',     'EE01'),
  (4, 3, '国际经济与贸易',   'EM01');

-- 班级
INSERT INTO `class_info` (`pk_class`, `major_id`, `class_name`, `grade`) VALUES
  (1, 1, '计科2024-1班', '2024'),
  (2, 1, '计科2024-2班', '2024'),
  (3, 2, '软工2024-1班', '2024'),
  (4, 2, '软工2023-1班', '2023'),
  (5, 3, '电信2023-1班', '2023');

-- =============================================
-- 五、学生信息
-- =============================================
INSERT INTO `student` (`pk_student`, `user_id`, `student_no`, `name`, `gender`, `birth_date`, `id_card`, `enrollment_year`, `school_length`, `college_id`, `major_id`, `class_id`, `status`) VALUES
  (1, 4,  '2024001', '王明',   'M', '2005-03-15', '110101200503150011', 2024, 4, 1, 1, 1, '在读'),
  (2, 5,  '2024002', '李华',   'F', '2005-07-22', '310101200507220022', 2024, 4, 1, 1, 1, '在读'),
  (3, 6,  '2024003', '赵敏',   'F', '2005-11-08', '440101200511080033', 2024, 4, 1, 2, 3, '在读'),
  (4, 7,  '2024004', '陈晓东', 'M', '2005-01-20', '510101200501200044', 2024, 4, 1, 1, 2, '在读'),
  (5, 8,  '2023001', '陈强',   'M', '2004-05-10', '330101200405100055', 2023, 4, 1, 2, 4, '在读'),
  (6, 9,  '2023002', '刘婷',   'F', '2004-09-28', '420101200409280066', 2023, 4, 2, 3, 5, '在读'),
  (7, 10, '2023003', '周杰',   'M', '2004-12-05', '500101200412050077', 2023, 4, 2, 3, 5, '在读');

-- 学生详情
INSERT INTO `student_detail` (`student_id`, `nation`, `political_status`, `phone`, `email`, `home_address`, `emergency_contact`, `emergency_phone`) VALUES
  (1, '汉族', '共青团员', '13800001001', 'wangming@stu.edu.cn',   '北京市海淀区中关村大街1号',     '王父', '13900001001'),
  (2, '汉族', '共青团员', '13800001002', 'lihua@stu.edu.cn',      '上海市浦东新区陆家嘴路2号',     '李母', '13900001002'),
  (3, '回族', '群众',     '13800001003', 'zhaomin@stu.edu.cn',    '广州市天河区天河路3号',         '赵父', '13900001003'),
  (4, '汉族', '共青团员', '13800001004', 'chenxiaodong@stu.edu.cn','成都市武侯区科华路4号',        '陈母', '13900001004'),
  (5, '汉族', '中共党员', '13800001005', 'chenqiang@stu.edu.cn',  '杭州市西湖区文三路5号',         '陈父', '13900001005'),
  (6, '苗族', '共青团员', '13800001006', 'liuting@stu.edu.cn',    '武汉市洪山区珞喻路6号',         '刘母', '13900001006'),
  (7, '汉族', '群众',     '13800001007', 'zhoujie@stu.edu.cn',    '重庆市渝中区解放碑路7号',       '周父', '13900001007');

-- =============================================
-- 六、档案材料分类（如果已存在则跳过）
-- =============================================
INSERT IGNORE INTO `archive_category` (`category_name`, `sort_order`, `is_required`) VALUES
  ('入学登记表',     1,  1),
  ('成绩单',         2,  1),
  ('奖惩记录',       3,  0),
  ('毕业论文',       4,  0),
  ('实习鉴定表',     5,  0),
  ('体检报告',       6,  0),
  ('学位证书复印件', 7,  0),
  ('其他材料',       99, 0);

-- =============================================
-- 七、成绩数据（教师 teacher1 导入）
-- =============================================

-- 王明 (pk_student=1) 的成绩
INSERT INTO `student_grade` (`student_id`, `semester`, `course_name`, `course_type`, `credit`, `score`, `gpa`, `import_user_id`) VALUES
  (1, '2024-2025-1', '高等数学A',     '必修', 5.0, 92.0, 4.20, 2),
  (1, '2024-2025-1', '大学英语(一)',   '必修', 3.0, 85.0, 3.70, 2),
  (1, '2024-2025-1', 'C语言程序设计',  '必修', 4.0, 95.0, 4.50, 2),
  (1, '2024-2025-1', '思想道德与法治', '公共', 2.0, 78.0, 3.00, 2),
  (1, '2024-2025-1', '体育(一)',       '公共', 1.0, 88.0, 3.80, 2),
  (1, '2024-2025-1', '线性代数',       '必修', 3.0, 90.0, 4.00, 2),
  (1, '2024-2025-2', '高等数学B',     '必修', 5.0, 88.0, 3.80, 2),
  (1, '2024-2025-2', '大学英语(二)',   '必修', 3.0, 82.0, 3.40, 2),
  (1, '2024-2025-2', '数据结构',       '必修', 4.0, 91.0, 4.10, 2),
  (1, '2024-2025-2', '离散数学',       '必修', 3.0, 87.0, 3.70, 2),
  (1, '2024-2025-2', '体育(二)',       '公共', 1.0, 90.0, 4.00, 2);

-- 李华 (pk_student=2) 的成绩
INSERT INTO `student_grade` (`student_id`, `semester`, `course_name`, `course_type`, `credit`, `score`, `gpa`, `import_user_id`) VALUES
  (2, '2024-2025-1', '高等数学A',     '必修', 5.0, 78.0, 3.00, 2),
  (2, '2024-2025-1', '大学英语(一)',   '必修', 3.0, 92.0, 4.20, 2),
  (2, '2024-2025-1', 'C语言程序设计',  '必修', 4.0, 80.0, 3.20, 2),
  (2, '2024-2025-1', '思想道德与法治', '公共', 2.0, 85.0, 3.70, 2),
  (2, '2024-2025-1', '体育(一)',       '公共', 1.0, 75.0, 2.70, 2),
  (2, '2024-2025-1', '线性代数',       '必修', 3.0, 72.0, 2.40, 2),
  (2, '2024-2025-2', '高等数学B',     '必修', 5.0, 80.0, 3.20, 2),
  (2, '2024-2025-2', '大学英语(二)',   '必修', 3.0, 95.0, 4.50, 2),
  (2, '2024-2025-2', '数据结构',       '必修', 4.0, 76.0, 2.80, 2),
  (2, '2024-2025-2', '离散数学',       '必修', 3.0, 70.0, 2.20, 2),
  (2, '2024-2025-2', '体育(二)',       '公共', 1.0, 82.0, 3.40, 2);

-- 赵敏 (pk_student=3) 的成绩
INSERT INTO `student_grade` (`student_id`, `semester`, `course_name`, `course_type`, `credit`, `score`, `gpa`, `import_user_id`) VALUES
  (3, '2024-2025-1', '高等数学A',     '必修', 5.0, 96.0, 4.60, 2),
  (3, '2024-2025-1', '大学英语(一)',   '必修', 3.0, 90.0, 4.00, 2),
  (3, '2024-2025-1', 'C语言程序设计',  '必修', 4.0, 98.0, 4.80, 2),
  (3, '2024-2025-1', '思想道德与法治', '公共', 2.0, 92.0, 4.20, 2),
  (3, '2024-2025-1', '体育(一)',       '公共', 1.0, 85.0, 3.70, 2),
  (3, '2024-2025-1', '线性代数',       '必修', 3.0, 94.0, 4.40, 2);

-- 陈强 (pk_student=5, 2023级) 的成绩 — 多学期
INSERT INTO `student_grade` (`student_id`, `semester`, `course_name`, `course_type`, `credit`, `score`, `gpa`, `import_user_id`) VALUES
  (5, '2023-2024-1', '高等数学A',       '必修', 5.0, 85.0, 3.70, 3),
  (5, '2023-2024-1', '大学英语(一)',     '必修', 3.0, 79.0, 3.10, 3),
  (5, '2023-2024-1', 'C语言程序设计',    '必修', 4.0, 88.0, 3.80, 3),
  (5, '2023-2024-1', '思想道德与法治',   '公共', 2.0, 82.0, 3.40, 3),
  (5, '2023-2024-2', '高等数学B',       '必修', 5.0, 83.0, 3.40, 3),
  (5, '2023-2024-2', '数据结构',         '必修', 4.0, 90.0, 4.00, 3),
  (5, '2023-2024-2', '数据库原理',       '必修', 3.0, 87.0, 3.70, 3),
  (5, '2023-2024-2', '面向对象程序设计', '必修', 4.0, 92.0, 4.20, 3),
  (5, '2024-2025-1', '操作系统',         '必修', 4.0, 86.0, 3.60, 3),
  (5, '2024-2025-1', '计算机网络',       '必修', 3.0, 91.0, 4.10, 3),
  (5, '2024-2025-1', '软件工程',         '必修', 3.0, 89.0, 3.90, 3),
  (5, '2024-2025-1', 'Java EE开发',     '选修', 3.0, 93.0, 4.30, 3);

-- 刘婷 (pk_student=6) 的成绩
INSERT INTO `student_grade` (`student_id`, `semester`, `course_name`, `course_type`, `credit`, `score`, `gpa`, `import_user_id`) VALUES
  (6, '2023-2024-1', '电路分析基础',   '必修', 4.0, 88.0, 3.80, 3),
  (6, '2023-2024-1', '高等数学A',     '必修', 5.0, 91.0, 4.10, 3),
  (6, '2023-2024-1', '大学英语(一)',   '必修', 3.0, 86.0, 3.60, 3),
  (6, '2023-2024-2', '模拟电子技术',   '必修', 4.0, 84.0, 3.40, 3),
  (6, '2023-2024-2', '数字电子技术',   '必修', 4.0, 90.0, 4.00, 3),
  (6, '2023-2024-2', '信号与系统',     '必修', 3.0, 78.0, 3.00, 3),
  (6, '2024-2025-1', '通信原理',       '必修', 4.0, 87.0, 3.70, 3),
  (6, '2024-2025-1', '微处理器原理',   '必修', 3.0, 92.0, 4.20, 3);

-- =============================================
-- 八、奖项数据
-- =============================================

-- 王明的奖项
INSERT INTO `student_award` (`student_id`, `award_name`, `award_level`, `award_date`, `issuing_authority`, `description`, `import_user_id`) VALUES
  (1, '全国大学生数学建模竞赛一等奖',     '国家级', '2025-11-20', '教育部高等教育司',       '团队合作完成数学建模任务',         2),
  (1, 'ACM程序设计竞赛区域赛银奖',        '省级',   '2025-10-15', '中国计算机学会',         'ACM-ICPC区域赛',                  2),
  (1, '校级优秀学生干部',                  '校级',   '2025-06-01', '计算机科学与技术学院',   '担任班级学习委员表现突出',         2);

-- 李华的奖项
INSERT INTO `student_award` (`student_id`, `award_name`, `award_level`, `award_date`, `issuing_authority`, `description`, `import_user_id`) VALUES
  (2, '全国大学生英语竞赛二等奖',         '国家级', '2025-05-10', '高等学校大学外语教学指导委员会', '英语听说读写综合能力竞赛',   2),
  (2, '校级三好学生',                      '校级',   '2025-06-01', '学生处',                         '德智体美劳全面发展',         2);

-- 赵敏的奖项
INSERT INTO `student_award` (`student_id`, `award_name`, `award_level`, `award_date`, `issuing_authority`, `description`, `import_user_id`) VALUES
  (3, '全国大学生数学竞赛一等奖',         '国家级', '2025-12-01', '中国数学会',                   '非数学专业组一等奖',           2),
  (3, '蓝桥杯全国软件大赛省赛一等奖',     '省级',   '2025-04-20', '工业和信息化部人才中心',       'C/C++程序设计组',             2),
  (3, '国家励志奖学金',                    '国家级', '2025-11-01', '教育部',                       '学业优秀且家庭经济困难',       2),
  (3, '校级一等奖学金',                    '校级',   '2025-10-01', '学校教务处',                   '专业排名前5%',                2);

-- 陈强的奖项（2023级，较多奖项）
INSERT INTO `student_award` (`student_id`, `award_name`, `award_level`, `award_date`, `issuing_authority`, `description`, `import_user_id`) VALUES
  (5, '中国"互联网+"大学生创新创业大赛铜奖', '国家级', '2025-10-01', '教育部',                     '智慧校园项目',                 3),
  (5, '省级优秀毕业设计',                     '省级',   '2025-06-15', '省教育厅',                   '基于微服务的档案管理系统',     3),
  (5, '校级编程马拉松一等奖',                 '校级',   '2024-12-10', '计算机科学与技术学院',       '48小时极限编程挑战赛',         3),
  (5, '优秀共青团员',                         '校级',   '2025-05-04', '校团委',                     '积极参加志愿服务活动',         3);

-- 刘婷的奖项
INSERT INTO `student_award` (`student_id`, `award_name`, `award_level`, `award_date`, `issuing_authority`, `description`, `import_user_id`) VALUES
  (6, '全国大学生电子设计竞赛省赛二等奖',   '省级',   '2025-08-20', '省教育厅',                 '智能温控系统设计',             3),
  (6, '校级二等奖学金',                      '校级',   '2025-10-01', '学校教务处',               '专业排名前15%',               3);

-- 周杰的奖项
INSERT INTO `student_award` (`student_id`, `award_name`, `award_level`, `award_date`, `issuing_authority`, `description`, `import_user_id`) VALUES
  (7, '市级物联网应用创新大赛三等奖',       '市级',   '2025-07-15', '市科学技术协会',           '基于LoRa的环境监测系统',       3),
  (7, '校级优秀志愿者',                      '校级',   '2025-03-05', '校团委',                   '累计志愿服务时长超200小时',   3);

-- =============================================
-- 九、通知数据（模拟系统通知）
-- =============================================
INSERT INTO `notification` (`target_user_id`, `sender_id`, `title`, `content`, `is_read`) VALUES
  (4, NULL, '欢迎入学',              '欢迎来到计算机科学与技术学院，请及时完善个人档案信息。', 1),
  (4, 2,    '成绩已录入',            '您2024-2025学年第一学期的成绩已录入，请登录系统查看。', 0),
  (5, 2,    '成绩已录入',            '您2024-2025学年第一学期的成绩已录入，请登录系统查看。', 0),
  (6, NULL, '欢迎入学',              '欢迎来到计算机科学与技术学院，请及时完善个人档案信息。', 1),
  (8, 3,    '获奖信息确认',          '您的"互联网+"大赛获奖信息已录入系统，请确认。',         0),
  (9, 3,    '成绩已更新',            '您2024-2025学年第一学期的成绩有更新，请查看。',         0),
  (2, 1,    '系统维护通知',          '系统将于本周六凌晨2:00-6:00进行维护升级。',             0),
  (3, 1,    '系统维护通知',          '系统将于本周六凌晨2:00-6:00进行维护升级。',             0);

SELECT '测试数据导入完成！' AS message;
SELECT '账号信息：' AS info;
SELECT '管理员: admin / 123456' AS account
UNION ALL SELECT '教师1: teacher1 / 123456'
UNION ALL SELECT '教师2: teacher2 / 123456'
UNION ALL SELECT '学生: stu2024001 ~ stu2024004, stu2023001 ~ stu2023003 / 123456';
